1,7.6,PASS
2,7.6,PASS
3,7.6,PASS
4,7.6,PASS
5,7.6,PASS
6,7.6,PASS
7,7.6,PASS
8,7.6,PASS
9,7.6,PASS
10,7.6,PASS
11,7.6,PASS
12,7.6,PASS
13,7.6,PASS
14,7.6,PASS
15,7.6,PASS
16,7.6,PASS
17,7.6,PASS
18,7.6,PASS
19,7.6,PASS
20,7.6,PASS
21,7.6,PASS
22,7.6,PASS
23,7.6,PASS
24,7.6,PASS
25,7.6,PASS
26,7.6,PASS
27,7.6,PASS
28,7.6,PASS
29,7.6,PASS
30,7.6,PASS
31,7.6,PASS
32,7.6,PASS
33,7.6,PASS
34,7.6,PASS
35,7.6,PASS
36,7.6,PASS
37,7.6,PASS
38,7.6,PASS
39,7.6,PASS
40,7.6,PASS
41,7.6,PASS
42,7.6,PASS
43,7.6,PASS
44,7.6,PASS
45,7.6,PASS
46,7.6,PASS
47,7.6,PASS
48,7.6,PASS
49,7.6,PASS
50,7.6,PASS
51,7.6,PASS
52,7.6,PASS
53,7.6,PASS
54,7.6,PASS
55,7.6,PASS
56,7.6,PASS
57,7.6,PASS
58,7.6,PASS
59,7.6,PASS
60,7.6,PASS
61,0,Exempt
62,0,Exempt
63,0,Exempt
64,0,Exempt
65,0,Exempt
66,0,Exempt
67,0,Exempt
68,0,Exempt
69,0,Exempt
70,0,Exempt
71,0,Exempt
72,0,Exempt
73,0,Exempt
74,0,Exempt
75,0,Exempt
76,0,Exempt
77,0,Exempt
78,0,Exempt
79,0,Exempt
80,0,Exempt
81,0,Exempt
82,0,Exempt
83,0,Exempt
84,0,Exempt
85,0,Exempt
86,0,Exempt
87,0,Exempt
88,0,Exempt
89,0,Exempt
90,0,Exempt
91,0,Exempt
92,0,Exempt
93,0,Exempt
94,0,Exempt
95,0,Exempt
96,0,Exempt
97,0,Exempt
98,0,Exempt
99,0,Exempt
100,0,Exempt
101,0,Exempt
102,0,Exempt
103,0,Exempt
104,0,Exempt
105,0,Exempt
106,0,Exempt
107,0,Exempt
108,0,Exempt
109,0,Exempt
110,0,Exempt
111,0,Exempt
112,0,Exempt
113,0,Exempt
114,0,Exempt
115,0,Exempt
116,0,Exempt
117,0,Exempt
118,0,Exempt
119,0,Exempt
120,0,Exempt
121,0,Exempt
122,0,Exempt
123,0,Exempt
124,0,Exempt
125,0,Exempt
126,0,Exempt
127,0,Exempt
128,0,Exempt
129,0,Exempt
130,0,Exempt
131,0,Exempt
132,0,Exempt
133,0,Exempt
134,0,Exempt
135,0,Exempt
136,0,Exempt
137,0,Exempt
138,0,Exempt
139,0,Exempt
140,0,Exempt
141,0,Exempt
142,0,Exempt
143,0,Exempt
144,0,Exempt
145,7.6,PASS
146,7.6,PASS
147,7.6,PASS
148,7.6,PASS
149,7.6,PASS
150,7.6,PASS
151,7.6,PASS
152,7.6,PASS
153,7.6,PASS
154,7.6,PASS
155,7.6,PASS
156,7.6,PASS
157,7.6,PASS
158,7.6,PASS
159,7.6,PASS
160,7.6,PASS
161,7.6,PASS
162,7.6,PASS
163,7.6,PASS
164,7.6,PASS
165,7.6,PASS
166,7.6,PASS
167,7.6,PASS
168,7.6,PASS
169,7.6,PASS
170,7.6,PASS
171,7.6,PASS
172,7.6,PASS
173,7.6,PASS
174,7.6,PASS
175,7.6,PASS
176,7.6,PASS
177,7.6,PASS
178,7.6,PASS
179,7.6,PASS
180,7.6,PASS
181,7.6,PASS
182,7.6,PASS
183,7.6,PASS
184,7.6,PASS
185,7.6,PASS
186,7.6,PASS
187,7.6,PASS
188,7.6,PASS
189,7.6,PASS
190,7.6,PASS
191,7.6,PASS
192,7.6,PASS
193,7.6,PASS
194,7.6,PASS
195,7.6,PASS
196,7.6,PASS
197,7.6,PASS
198,7.6,PASS
199,7.6,PASS
200,7.6,PASS
201,7.6,PASS
202,7.6,PASS
203,7.6,PASS
204,7.6,PASS
205,7.6,PASS
206,7.6,PASS
207,7.6,PASS
208,7.6,PASS
209,7.6,PASS
210,7.6,PASS
211,7.6,PASS
212,7.6,PASS
213,7.6,PASS
214,7.6,PASS
215,7.6,PASS
216,7.6,PASS
217,7.6,PASS
218,7.6,PASS
219,7.6,PASS
220,7.6,PASS
221,7.6,PASS
222,7.6,PASS
223,7.6,PASS
224,7.6,PASS
225,7.6,PASS
226,7.6,PASS
227,7.6,PASS
228,7.6,PASS
229,7.6,PASS
230,7.6,PASS
231,7.6,PASS
232,7.6,PASS
233,7.6,PASS
234,7.6,PASS
235,7.6,PASS
236,7.6,PASS
237,7.6,PASS
238,7.6,PASS
239,7.6,PASS
240,7.6,PASS
241,7.6,PASS
242,7.6,PASS
243,7.6,PASS
244,7.6,PASS
245,7.6,PASS
246,7.6,PASS
247,7.6,PASS
248,7.6,PASS
249,7.6,PASS
250,7.6,PASS
251,7.6,PASS
252,7.6,PASS
253,7.6,PASS
254,7.6,PASS
255,7.6,PASS
256,7.6,PASS
257,7.6,PASS
258,7.6,PASS
259,7.6,PASS
260,7.6,PASS
261,7.6,PASS
262,7.6,PASS
263,7.6,PASS
264,7.6,PASS
265,7.6,PASS
266,7.6,PASS
267,7.6,PASS
268,7.6,PASS
269,7.6,PASS
270,7.6,PASS
271,7.6,PASS
272,7.6,PASS
273,7.6,PASS
274,7.6,PASS
275,7.6,PASS
276,7.6,PASS
277,7.6,PASS
278,7.6,PASS
279,7.6,PASS
280,7.6,PASS
281,7.6,PASS
282,7.6,PASS
283,7.6,PASS
284,7.6,PASS
285,7.6,PASS
286,7.6,PASS
287,7.6,PASS
288,7.6,PASS
289,0,Exempt
290,0,Exempt
291,0,Exempt
292,0,Exempt
293,0,Exempt
294,0,Exempt
295,0,Exempt
296,0,Exempt
297,0,Exempt
298,0,Exempt
299,0,Exempt
300,0,Exempt
301,0,Exempt
302,0,Exempt
303,0,Exempt
304,0,Exempt
305,0,Exempt
306,0,Exempt
307,0,Exempt
308,0,Exempt
309,0,Exempt
310,0,Exempt
311,0,Exempt
312,0,Exempt
313,0,Exempt
314,0,Exempt
315,0,Exempt
316,0,Exempt
317,0,Exempt
318,0,Exempt
319,0,Exempt
320,0,Exempt
321,0,Exempt
322,0,Exempt
323,0,Exempt
324,0,Exempt
325,0,Exempt
326,0,Exempt
327,0,Exempt
328,0,Exempt
329,0,Exempt
330,0,Exempt
331,0,Exempt
332,0,Exempt
333,0,Exempt
334,0,Exempt
335,0,Exempt
336,0,Exempt
337,0,Exempt
338,0,Exempt
339,0,Exempt
340,0,Exempt
341,0,Exempt
342,0,Exempt
343,0,Exempt
344,0,Exempt
345,0,Exempt
346,0,Exempt
347,0,Exempt
348,0,Exempt
349,0,Exempt
350,0,Exempt
351,0,Exempt
352,0,Exempt
353,0,Exempt
354,0,Exempt
355,0,Exempt
356,0,Exempt
357,0,Exempt
358,0,Exempt
359,0,Exempt
360,0,Exempt
361,0,Exempt
362,0,Exempt
363,0,Exempt
364,0,Exempt
365,0,Exempt
366,0,Exempt
367,0,Exempt
368,0,Exempt
369,0,Exempt
370,0,Exempt
371,0,Exempt
372,0,Exempt
373,7.6,PASS
374,7.6,PASS
375,7.6,PASS
376,7.6,PASS
377,7.6,PASS
378,7.6,PASS
379,7.6,PASS
380,7.6,PASS
381,7.6,PASS
382,7.6,PASS
383,7.6,PASS
384,7.6,PASS
385,7.6,PASS
386,7.6,PASS
387,7.6,PASS
388,7.6,PASS
389,7.6,PASS
390,7.6,PASS
391,7.6,PASS
392,7.6,PASS
393,7.6,PASS
394,7.6,PASS
395,7.6,PASS
396,7.6,PASS
397,7.6,PASS
398,7.6,PASS
399,7.6,PASS
400,7.6,PASS
401,7.6,PASS
402,7.6,PASS
403,7.6,PASS
404,7.6,PASS
405,7.6,PASS
406,7.6,PASS
407,7.6,PASS
408,7.6,PASS
409,7.6,PASS
410,7.6,PASS
411,7.6,PASS
412,7.6,PASS
413,7.6,PASS
414,7.6,PASS
415,7.6,PASS
416,7.6,PASS
417,7.6,PASS
418,7.6,PASS
419,7.6,PASS
420,7.6,PASS
421,7.6,PASS
422,7.6,PASS
423,7.6,PASS
424,7.6,PASS
425,7.6,PASS
426,7.6,PASS
427,7.6,PASS
428,7.6,PASS
429,7.6,PASS
430,7.6,PASS
431,7.6,PASS
432,7.6,PASS
433,7.6,PASS
434,7.6,PASS
435,7.6,PASS
436,7.6,PASS
437,7.6,PASS
438,7.6,PASS
439,7.6,PASS
440,7.6,PASS
441,7.6,PASS
442,7.6,PASS
443,7.6,PASS
444,7.6,PASS
445,7.6,PASS
446,7.6,PASS
447,7.6,PASS
448,7.6,PASS
449,7.6,PASS
450,7.6,PASS
451,7.6,PASS
452,7.6,PASS
453,7.6,PASS
454,7.6,PASS
455,7.6,PASS
456,7.6,PASS
457,7.6,PASS
458,7.6,PASS
459,7.6,PASS
460,7.6,PASS
461,7.6,PASS
462,7.6,PASS
463,7.6,PASS
464,7.6,PASS
465,7.6,PASS
466,7.6,PASS
467,7.6,PASS
468,7.6,PASS
469,7.6,PASS
470,7.6,PASS
471,7.6,PASS
472,7.6,PASS
473,7.6,PASS
474,7.6,PASS
475,7.6,PASS
476,7.6,PASS
477,7.6,PASS
478,7.6,PASS
479,7.6,PASS
480,7.6,PASS
481,7.6,PASS
482,7.6,PASS
483,7.6,PASS
484,7.6,PASS
485,7.6,PASS
486,7.6,PASS
487,7.6,PASS
488,7.6,PASS
489,7.6,PASS
490,7.6,PASS
491,7.6,PASS
492,7.6,PASS
493,7.6,PASS
494,7.6,PASS
495,7.6,PASS
496,7.6,PASS
497,7.6,PASS
498,7.6,PASS
499,7.6,PASS
500,7.6,PASS
501,7.6,PASS
502,7.6,PASS
503,7.6,PASS
504,7.6,PASS
505,7.6,PASS
506,7.6,PASS
507,7.6,PASS
508,7.6,PASS
509,7.6,PASS
510,7.6,PASS
511,7.6,PASS
512,7.6,PASS
513,7.6,PASS
514,7.6,PASS
515,7.6,PASS
516,7.6,PASS
517,0,Exempt
518,0,Exempt
519,0,Exempt
520,0,Exempt
521,0,Exempt
522,0,Exempt
523,0,Exempt
524,0,Exempt
525,0,Exempt
526,0,Exempt
527,0,Exempt
528,0,Exempt
529,0,Exempt
530,0,Exempt
531,0,Exempt
532,0,Exempt
533,0,Exempt
534,0,Exempt
535,0,Exempt
536,0,Exempt
537,0,Exempt
538,0,Exempt
539,0,Exempt
540,0,Exempt
541,0,Exempt
542,0,Exempt
543,0,Exempt
544,0,Exempt
545,0,Exempt
546,0,Exempt
547,0,Exempt
548,0,Exempt
549,0,Exempt
550,0,Exempt
551,0,Exempt
552,0,Exempt
553,0,Exempt
554,0,Exempt
555,0,Exempt
556,0,Exempt
557,0,Exempt
558,0,Exempt
559,0,Exempt
560,0,Exempt
561,0,Exempt
562,0,Exempt
563,0,Exempt
564,0,Exempt
565,0,Exempt
566,0,Exempt
567,0,Exempt
568,0,Exempt
569,0,Exempt
570,0,Exempt
571,0,Exempt
572,0,Exempt
573,0,Exempt
574,0,Exempt
575,0,Exempt
576,0,Exempt
577,0,Exempt
578,0,Exempt
579,0,Exempt
580,0,Exempt
581,0,Exempt
582,0,Exempt
583,0,Exempt
584,0,Exempt
585,0,Exempt
586,0,Exempt
587,0,Exempt
588,0,Exempt
589,0,Exempt
590,0,Exempt
591,0,Exempt
592,0,Exempt
593,0,Exempt
594,0,Exempt
595,0,Exempt
596,0,Exempt
597,0,Exempt
598,0,Exempt
599,0,Exempt
600,0,Exempt
601,7.6,PASS
602,7.6,PASS
603,7.6,PASS
604,7.6,PASS
605,7.6,PASS
606,7.6,PASS
607,7.6,PASS
608,7.6,PASS
609,7.6,PASS
610,7.6,PASS
611,7.6,PASS
612,7.6,PASS
613,7.6,PASS
614,7.6,PASS
615,7.6,PASS
616,7.6,PASS
617,7.6,PASS
618,7.6,PASS
619,7.6,PASS
620,7.6,PASS
621,7.6,PASS
622,7.6,PASS
623,7.6,PASS
624,7.6,PASS
625,7.6,PASS
626,7.6,PASS
627,7.6,PASS
628,7.6,PASS
629,7.6,PASS
630,7.6,PASS
631,7.6,PASS
632,7.6,PASS
633,7.6,PASS
634,7.6,PASS
635,7.6,PASS
636,7.6,PASS
637,7.6,PASS
638,7.6,PASS
639,7.6,PASS
640,7.6,PASS
641,7.6,PASS
642,7.6,PASS
643,7.6,PASS
644,7.6,PASS
645,7.6,PASS
646,7.6,PASS
647,7.6,PASS
648,7.6,PASS
649,7.6,PASS
650,7.6,PASS
651,7.6,PASS
652,7.6,PASS
653,7.6,PASS
654,7.6,PASS
655,7.6,PASS
656,7.6,PASS
657,7.6,PASS
658,7.6,PASS
659,7.6,PASS
660,7.6,PASS
661,7.6,PASS
662,7.6,PASS
663,7.6,PASS
664,7.6,PASS
665,7.6,PASS
666,7.6,PASS
667,7.6,PASS
668,7.6,PASS
669,7.6,PASS
670,7.6,PASS
671,7.6,PASS
672,7.6,PASS
673,7.6,PASS
674,7.6,PASS
675,7.6,PASS
676,7.6,PASS
677,7.6,PASS
678,7.6,PASS
679,7.6,PASS
680,7.6,PASS
681,7.6,PASS
682,7.6,PASS
683,7.6,PASS
684,7.6,PASS
685,7.6,PASS
686,7.6,PASS
687,7.6,PASS
688,7.6,PASS
689,7.6,PASS
690,7.6,PASS
691,7.6,PASS
692,7.6,PASS
693,7.6,PASS
694,7.6,PASS
695,7.6,PASS
696,7.6,PASS
697,7.6,PASS
698,7.6,PASS
699,7.6,PASS
700,7.6,PASS
701,7.6,PASS
702,7.6,PASS
703,7.6,PASS
704,7.6,PASS
705,7.6,PASS
706,7.6,PASS
707,7.6,PASS
708,7.6,PASS
709,7.6,PASS
710,7.6,PASS
711,7.6,PASS
712,7.6,PASS
713,7.6,PASS
714,7.6,PASS
715,7.6,PASS
716,7.6,PASS
717,7.6,PASS
718,7.6,PASS
719,7.6,PASS
720,7.6,PASS
721,7.6,PASS
722,7.6,PASS
723,7.6,PASS
724,7.6,PASS
725,7.6,PASS
726,7.6,PASS
727,7.6,PASS
728,7.6,PASS
729,7.6,PASS
730,7.6,PASS
731,7.6,PASS
732,7.6,PASS
733,7.6,PASS
734,7.6,PASS
735,7.6,PASS
736,7.6,PASS
737,7.6,PASS
738,7.6,PASS
739,7.6,PASS
740,7.6,PASS
741,7.6,PASS
742,7.6,PASS
743,7.6,PASS
744,7.6,PASS
745,0,Exempt
746,0,Exempt
747,0,Exempt
748,0,Exempt
749,0,Exempt
750,0,Exempt
751,0,Exempt
752,0,Exempt
753,0,Exempt
754,0,Exempt
755,0,Exempt
756,0,Exempt
757,0,Exempt
758,0,Exempt
759,0,Exempt
760,0,Exempt
761,0,Exempt
762,0,Exempt
763,0,Exempt
764,0,Exempt
765,0,Exempt
766,0,Exempt
767,0,Exempt
768,0,Exempt
769,0,Exempt
770,0,Exempt
771,0,Exempt
772,0,Exempt
773,0,Exempt
774,0,Exempt
775,0,Exempt
776,0,Exempt
777,0,Exempt
778,0,Exempt
779,0,Exempt
780,0,Exempt
781,0,Exempt
782,0,Exempt
783,0,Exempt
784,0,Exempt
785,0,Exempt
786,0,Exempt
787,0,Exempt
788,0,Exempt
789,0,Exempt
790,0,Exempt
791,0,Exempt
792,0,Exempt
793,0,Exempt
794,0,Exempt
795,0,Exempt
796,0,Exempt
797,0,Exempt
798,0,Exempt
799,0,Exempt
800,0,Exempt
801,0,Exempt
802,0,Exempt
803,0,Exempt
804,0,Exempt
805,0,Exempt
806,0,Exempt
807,0,Exempt
808,0,Exempt
809,0,Exempt
810,0,Exempt
811,0,Exempt
812,0,Exempt
813,0,Exempt
814,0,Exempt
815,0,Exempt
816,0,Exempt
817,0,Exempt
818,0,Exempt
819,0,Exempt
820,0,Exempt
821,0,Exempt
822,0,Exempt
823,0,Exempt
824,0,Exempt
825,0,Exempt
826,0,Exempt
827,0,Exempt
828,0,Exempt
829,7.6,PASS
830,7.6,PASS
831,7.6,PASS
832,7.6,PASS
833,7.6,PASS
834,7.6,PASS
835,7.6,PASS
836,7.6,PASS
837,7.6,PASS
838,7.6,PASS
839,7.6,PASS
840,7.6,PASS
841,7.6,PASS
842,7.6,PASS
843,7.6,PASS
844,7.6,PASS
845,7.6,PASS
846,7.6,PASS
847,7.6,PASS
848,7.6,PASS
849,7.6,PASS
850,7.6,PASS
851,7.6,PASS
852,7.6,PASS
853,7.6,PASS
854,7.6,PASS
855,7.6,PASS
856,7.6,PASS
857,7.6,PASS
858,7.6,PASS
859,7.6,PASS
860,7.6,PASS
861,7.6,PASS
862,7.6,PASS
863,7.6,PASS
864,7.6,PASS
865,7.6,PASS
866,7.6,PASS
867,7.6,PASS
868,7.6,PASS
869,7.6,PASS
870,7.6,PASS
871,7.6,PASS
872,7.6,PASS
873,7.6,PASS
874,7.6,PASS
875,7.6,PASS
876,7.6,PASS
877,7.6,PASS
878,7.6,PASS
879,7.6,PASS
880,7.6,PASS
881,7.6,PASS
882,7.6,PASS
883,7.6,PASS
884,7.6,PASS
885,7.6,PASS
886,7.6,PASS
887,7.6,PASS
888,7.6,PASS
889,7.6,PASS
890,7.6,PASS
891,7.6,PASS
892,7.6,PASS
893,7.6,PASS
894,7.6,PASS
895,7.6,PASS
896,7.6,PASS
897,7.6,PASS
898,7.6,PASS
899,7.6,PASS
900,7.6,PASS
901,7.6,PASS
902,7.6,PASS
903,7.6,PASS
904,7.6,PASS
905,7.6,PASS
906,7.6,PASS
907,7.6,PASS
908,7.6,PASS
909,7.6,PASS
910,7.6,PASS
911,7.6,PASS
912,7.6,PASS
913,7.6,PASS
914,7.6,PASS
915,7.6,PASS
916,7.6,PASS
917,7.6,PASS
918,7.6,PASS
919,7.6,PASS
920,7.6,PASS
921,7.6,PASS
922,7.6,PASS
923,7.6,PASS
924,7.6,PASS
925,7.6,PASS
926,7.6,PASS
927,7.6,PASS
928,7.6,PASS
929,7.6,PASS
930,7.6,PASS
931,7.6,PASS
932,7.6,PASS
933,7.6,PASS
934,7.6,PASS
935,7.6,PASS
936,7.6,PASS
937,7.6,PASS
938,7.6,PASS
939,7.6,PASS
940,7.6,PASS
941,7.6,PASS
942,7.6,PASS
943,7.6,PASS
944,7.6,PASS
945,7.6,PASS
946,7.6,PASS
947,7.6,PASS
948,7.6,PASS
949,7.6,PASS
950,7.6,PASS
951,7.6,PASS
952,7.6,PASS
953,7.6,PASS
954,7.6,PASS
955,7.6,PASS
956,7.6,PASS
957,7.6,PASS
958,7.6,PASS
959,7.6,PASS
960,7.6,PASS
961,7.6,PASS
962,7.6,PASS
963,7.6,PASS
964,7.6,PASS
965,7.6,PASS
966,7.6,PASS
967,7.6,PASS
968,7.6,PASS
969,7.6,PASS
970,7.6,PASS
971,7.6,PASS
972,7.6,PASS
973,0,Exempt
974,0,Exempt
975,0,Exempt
976,0,Exempt
977,0,Exempt
978,0,Exempt
979,0,Exempt
980,0,Exempt
981,0,Exempt
982,0,Exempt
983,0,Exempt
984,0,Exempt
985,0,Exempt
986,0,Exempt
987,0,Exempt
988,0,Exempt
989,0,Exempt
990,0,Exempt
991,0,Exempt
992,0,Exempt
993,0,Exempt
994,0,Exempt
995,0,Exempt
996,0,Exempt
997,0,Exempt
998,0,Exempt
999,0,Exempt
1000,0,Exempt
1001,0,Exempt
1002,0,Exempt
1003,0,Exempt
1004,0,Exempt
1005,0,Exempt
1006,0,Exempt
1007,0,Exempt
1008,0,Exempt
1009,0,Exempt
1010,0,Exempt
1011,0,Exempt
1012,0,Exempt
1013,0,Exempt
1014,0,Exempt
1015,0,Exempt
1016,0,Exempt
1017,0,Exempt
1018,0,Exempt
1019,0,Exempt
1020,0,Exempt
1021,0,Exempt
1022,0,Exempt
1023,0,Exempt
1024,0,Exempt
1025,0,Exempt
1026,0,Exempt
1027,0,Exempt
1028,0,Exempt
1029,0,Exempt
1030,0,Exempt
1031,0,Exempt
1032,0,Exempt
1033,0,Exempt
1034,0,Exempt
1035,0,Exempt
1036,0,Exempt
1037,0,Exempt
1038,0,Exempt
1039,0,Exempt
1040,0,Exempt
1041,0,Exempt
1042,0,Exempt
1043,0,Exempt
1044,0,Exempt
1045,0,Exempt
1046,0,Exempt
1047,0,Exempt
1048,0,Exempt
1049,0,Exempt
1050,0,Exempt
1051,0,Exempt
1052,0,Exempt
1053,0,Exempt
1054,0,Exempt
1055,0,Exempt
1056,0,Exempt
1057,7.6,PASS
1058,7.6,PASS
1059,7.6,PASS
1060,7.6,PASS
1061,7.6,PASS
1062,7.6,PASS
1063,7.6,PASS
1064,7.6,PASS
1065,7.6,PASS
1066,7.6,PASS
1067,7.6,PASS
1068,7.6,PASS
1069,7.6,PASS
1070,7.6,PASS
1071,7.6,PASS
1072,7.6,PASS
1073,7.6,PASS
1074,7.6,PASS
1075,7.6,PASS
1076,7.6,PASS
1077,7.6,PASS
1078,7.6,PASS
1079,7.6,PASS
1080,7.6,PASS
1081,7.6,PASS
1082,7.6,PASS
1083,7.6,PASS
1084,7.6,PASS
1085,7.6,PASS
1086,7.6,PASS
1087,7.6,PASS
1088,7.6,PASS
1089,7.6,PASS
1090,7.6,PASS
1091,7.6,PASS
1092,7.6,PASS
1093,7.6,PASS
1094,7.6,PASS
1095,7.6,PASS
1096,7.6,PASS
1097,7.6,PASS
1098,7.6,PASS
1099,7.6,PASS
1100,7.6,PASS
1101,7.6,PASS
1102,7.6,PASS
1103,7.6,PASS
1104,7.6,PASS
1105,7.6,PASS
1106,7.6,PASS
1107,7.6,PASS
1108,7.6,PASS
1109,7.6,PASS
1110,7.6,PASS
1111,7.6,PASS
1112,7.6,PASS
1113,7.6,PASS
1114,7.6,PASS
1115,7.6,PASS
1116,7.6,PASS
1117,7.6,PASS
1118,7.6,PASS
1119,7.6,PASS
1120,7.6,PASS
1121,7.6,PASS
1122,7.6,PASS
1123,7.6,PASS
1124,7.6,PASS
1125,7.6,PASS
1126,7.6,PASS
1127,7.6,PASS
1128,7.6,PASS
1129,7.6,PASS
1130,7.6,PASS
1131,7.6,PASS
1132,7.6,PASS
1133,7.6,PASS
1134,7.6,PASS
1135,7.6,PASS
1136,7.6,PASS
1137,7.6,PASS
1138,7.6,PASS
1139,7.6,PASS
1140,7.6,PASS
1141,7.6,PASS
1142,7.6,PASS
1143,7.6,PASS
1144,7.6,PASS
1145,7.6,PASS
1146,7.6,PASS
1147,7.6,PASS
1148,7.6,PASS
1149,7.6,PASS
1150,7.6,PASS
1151,7.6,PASS
1152,7.6,PASS
1153,7.6,PASS
1154,7.6,PASS
1155,7.6,PASS
1156,7.6,PASS
1157,7.6,PASS
1158,7.6,PASS
1159,7.6,PASS
1160,7.6,PASS
1161,7.6,PASS
1162,7.6,PASS
1163,7.6,PASS
1164,7.6,PASS
1165,7.6,PASS
1166,7.6,PASS
1167,7.6,PASS
1168,7.6,PASS
1169,7.6,PASS
1170,7.6,PASS
1171,7.6,PASS
1172,7.6,PASS
1173,7.6,PASS
1174,7.6,PASS
1175,7.6,PASS
1176,7.6,PASS
1177,7.6,PASS
1178,7.6,PASS
1179,7.6,PASS
1180,7.6,PASS
1181,7.6,PASS
1182,7.6,PASS
1183,7.6,PASS
1184,7.6,PASS
1185,7.6,PASS
1186,7.6,PASS
1187,7.6,PASS
1188,7.6,PASS
1189,7.6,PASS
1190,7.6,PASS
1191,7.6,PASS
1192,7.6,PASS
1193,7.6,PASS
1194,7.6,PASS
1195,7.6,PASS
1196,7.6,PASS
1197,7.6,PASS
1198,7.6,PASS
1199,7.6,PASS
1200,7.6,PASS
1201,0,Exempt
1202,0,Exempt
1203,0,Exempt
1204,0,Exempt
1205,0,Exempt
1206,0,Exempt
1207,0,Exempt
1208,0,Exempt
1209,0,Exempt
1210,0,Exempt
1211,0,Exempt
1212,0,Exempt
1213,0,Exempt
1214,0,Exempt
1215,0,Exempt
1216,0,Exempt
1217,0,Exempt
1218,0,Exempt
1219,0,Exempt
1220,0,Exempt
1221,0,Exempt
1222,0,Exempt
1223,0,Exempt
1224,0,Exempt
1225,0,Exempt
1226,0,Exempt
1227,0,Exempt
1228,0,Exempt
1229,0,Exempt
1230,0,Exempt
1231,0,Exempt
1232,0,Exempt
1233,0,Exempt
1234,0,Exempt
1235,0,Exempt
1236,0,Exempt
1237,0,Exempt
1238,0,Exempt
1239,0,Exempt
1240,0,Exempt
1241,0,Exempt
1242,0,Exempt
1243,0,Exempt
1244,0,Exempt
1245,0,Exempt
1246,0,Exempt
1247,0,Exempt
1248,0,Exempt
1249,0,Exempt
1250,0,Exempt
1251,0,Exempt
1252,0,Exempt
1253,0,Exempt
1254,0,Exempt
1255,0,Exempt
1256,0,Exempt
1257,0,Exempt
1258,0,Exempt
1259,0,Exempt
1260,0,Exempt
1261,0,Exempt
1262,0,Exempt
1263,0,Exempt
1264,0,Exempt
1265,0,Exempt
1266,0,Exempt
1267,0,Exempt
1268,0,Exempt
1269,0,Exempt
1270,0,Exempt
1271,0,Exempt
1272,0,Exempt
1273,0,Exempt
1274,0,Exempt
1275,0,Exempt
1276,0,Exempt
1277,0,Exempt
1278,0,Exempt
1279,0,Exempt
1280,0,Exempt
1281,0,Exempt
1282,0,Exempt
1283,0,Exempt
1284,0,Exempt
1285,7.6,PASS
1286,7.6,PASS
1287,7.6,PASS
1288,7.6,PASS
1289,7.6,PASS
1290,7.6,PASS
1291,7.6,PASS
1292,7.6,PASS
1293,7.6,PASS
1294,7.6,PASS
1295,7.6,PASS
1296,7.6,PASS
1297,7.6,PASS
1298,7.6,PASS
1299,7.6,PASS
1300,7.6,PASS
1301,7.6,PASS
1302,7.6,PASS
1303,7.6,PASS
1304,7.6,PASS
1305,7.6,PASS
1306,7.6,PASS
1307,7.6,PASS
1308,7.6,PASS
1309,7.6,PASS
1310,7.6,PASS
1311,7.6,PASS
1312,7.6,PASS
1313,7.6,PASS
1314,7.6,PASS
1315,7.6,PASS
1316,7.6,PASS
1317,7.6,PASS
1318,7.6,PASS
1319,7.6,PASS
1320,7.6,PASS
1321,7.6,PASS
1322,7.6,PASS
1323,7.6,PASS
1324,7.6,PASS
1325,7.6,PASS
1326,7.6,PASS
1327,7.6,PASS
1328,7.6,PASS
1329,7.6,PASS
1330,7.6,PASS
1331,7.6,PASS
1332,7.6,PASS
1333,7.6,PASS
1334,7.6,PASS
1335,7.6,PASS
1336,7.6,PASS
1337,7.6,PASS
1338,7.6,PASS
1339,7.6,PASS
1340,7.6,PASS
1341,7.6,PASS
1342,7.6,PASS
1343,7.6,PASS
1344,7.6,PASS
1345,7.6,PASS
1346,7.6,PASS
1347,7.6,PASS
1348,7.6,PASS
1349,7.6,PASS
1350,7.6,PASS
1351,7.6,PASS
1352,7.6,PASS
1353,7.6,PASS
1354,7.6,PASS
1355,7.6,PASS
1356,7.6,PASS
1357,7.6,PASS
1358,7.6,PASS
1359,7.6,PASS
1360,7.6,PASS
1361,7.6,PASS
1362,7.6,PASS
1363,7.6,PASS
1364,7.6,PASS
1365,7.6,PASS
1366,7.6,PASS
1367,7.6,PASS
1368,7.6,PASS
1369,3.15,PASS
1370,3.15,PASS
1371,3.15,PASS
1372,3.15,PASS
1373,3.15,PASS
1374,3.15,PASS
1375,3.15,PASS
1376,3.15,PASS
1377,3.15,PASS
1378,3.15,PASS
1379,3.15,PASS
1380,3.15,PASS
1381,3.15,PASS
1382,3.15,PASS
1383,3.15,PASS
1384,3.15,PASS
1385,3.15,PASS
1386,3.15,PASS
1387,3.15,PASS
1388,3.15,PASS
1389,3.15,PASS
1390,3.15,PASS
1391,3.15,PASS
1392,3.15,PASS
1393,3.15,PASS
1394,3.15,PASS
1395,3.15,PASS
1396,3.15,PASS
1397,3.15,PASS
1398,3.15,PASS
1399,3.15,PASS
1400,3.15,PASS
1401,3.15,PASS
1402,0,Exempt
1403,0,Exempt
1404,0,Exempt
1405,0,Exempt
1406,0,Exempt
1407,0,Exempt
1408,0,Exempt
1409,0,Exempt
1410,0,Exempt
1411,0,Exempt
1412,0,Exempt
1413,0,Exempt
1414,0,Exempt
1415,0,Exempt
1416,0,Exempt
1417,0,Exempt
1418,0,Exempt
1419,0,Exempt
1420,0,Exempt
1421,0,Exempt
1422,0,Exempt
1423,0,Exempt
1424,0,Exempt
1425,0,Exempt
1426,0,Exempt
1427,0,Exempt
1428,0,Exempt
1429,n/a,FAIL
1430,3.15,PASS
1431,3.15,PASS
1432,n/a,FAIL
1433,3.15,PASS
1434,3.15,PASS
1435,3.15,PASS
1436,n/a,FAIL
1437,n/a,FAIL
1438,3.15,PASS
1439,3.15,PASS
1440,3.15,PASS
1441,n/a,FAIL
1442,3.15,PASS
1443,3.15,PASS
1444,3.15,PASS
1445,n/a,FAIL
1446,n/a,FAIL
1447,3.15,PASS
1448,3.15,PASS
1449,3.15,PASS
1450,n/a,FAIL
1451,3.15,PASS
1452,3.15,PASS
1453,3.15,PASS
1454,n/a,FAIL
1455,3.15,PASS
1456,3.15,PASS
1457,3.15,PASS
1458,3.15,PASS
1459,3.15,PASS
1460,3.15,PASS
1461,3.15,PASS
1462,3.15,PASS
1463,3.15,PASS
1464,3.15,PASS
1465,3.15,PASS
1466,3.15,PASS
1467,3.15,PASS
1468,3.15,PASS
1469,3.15,PASS
1470,3.15,PASS
1471,3.15,PASS
1472,3.15,PASS
1473,3.15,PASS
1474,3.15,PASS
1475,3.15,PASS
1476,3.15,PASS
1477,3.15,PASS
1478,3.15,PASS
1479,3.15,PASS
1480,3.15,PASS
1481,3.15,PASS
1482,3.15,PASS
1483,3.15,PASS
1484,3.15,PASS
1485,3.15,PASS
1486,3.15,PASS
1487,3.15,PASS
1488,0,Exempt
1489,0,Exempt
1490,0,Exempt
1491,0,Exempt
1492,0,Exempt
1493,0,Exempt
1494,0,Exempt
1495,0,Exempt
1496,0,Exempt
1497,0,Exempt
1498,0,Exempt
1499,0,Exempt
1500,0,Exempt
1501,0,Exempt
1502,0,Exempt
1503,0,Exempt
1504,0,Exempt
1505,0,Exempt
1506,0,Exempt
1507,0,Exempt
1508,0,Exempt
1509,0,Exempt
1510,0,Exempt
1511,0,Exempt
1512,0,Exempt
1513,0,Exempt
1514,0,Exempt
1515,n/a,FAIL
1516,3.15,PASS
1517,3.15,PASS
1518,n/a,FAIL
1519,3.15,PASS
1520,3.15,PASS
1521,3.15,PASS
1522,n/a,FAIL
1523,n/a,FAIL
1524,3.15,PASS
1525,3.15,PASS
1526,3.15,PASS
1527,n/a,FAIL
1528,3.15,PASS
1529,3.15,PASS
1530,3.15,PASS
1531,n/a,FAIL
1532,n/a,FAIL
1533,3.15,PASS
1534,3.15,PASS
1535,3.15,PASS
1536,n/a,FAIL
1537,3.15,PASS
1538,3.15,PASS
1539,3.15,PASS
1540,n/a,FAIL
1541,3.15,PASS
1542,3.15,PASS
1543,3.15,PASS
1544,3.15,PASS
1545,3.15,PASS
1546,3.15,PASS
1547,3.15,PASS
1548,3.15,PASS
1549,3.15,PASS
1550,3.15,PASS
1551,3.15,PASS
1552,3.15,PASS
1553,3.15,PASS
1554,3.15,PASS
1555,3.15,PASS
1556,3.15,PASS
1557,3.15,PASS
1558,3.15,PASS
1559,3.15,PASS
1560,3.15,PASS
1561,3.15,PASS
1562,3.15,PASS
1563,3.15,PASS
1564,3.15,PASS
1565,3.15,PASS
1566,3.15,PASS
1567,3.15,PASS
1568,3.15,PASS
1569,3.15,PASS
1570,3.15,PASS
1571,3.15,PASS
1572,3.15,PASS
1573,3.15,PASS
1574,0,Exempt
1575,0,Exempt
1576,0,Exempt
1577,0,Exempt
1578,0,Exempt
1579,0,Exempt
1580,0,Exempt
1581,0,Exempt
1582,0,Exempt
1583,0,Exempt
1584,0,Exempt
1585,0,Exempt
1586,0,Exempt
1587,0,Exempt
1588,0,Exempt
1589,0,Exempt
1590,0,Exempt
1591,0,Exempt
1592,0,Exempt
1593,0,Exempt
1594,0,Exempt
1595,0,Exempt
1596,0,Exempt
1597,0,Exempt
1598,0,Exempt
1599,0,Exempt
1600,0,Exempt
1601,n/a,FAIL
1602,3.15,PASS
1603,n/a,FAIL
1604,n/a,FAIL
1605,n/a,FAIL
1606,3.15,PASS
1607,n/a,FAIL
1608,n/a,FAIL
1609,n/a,FAIL
1610,3.15,PASS
1611,3.15,PASS
1612,3.15,PASS
1613,3.15,PASS
1614,3.15,PASS
1615,3.15,PASS
1616,3.15,PASS
1617,n/a,FAIL
1618,3.15,PASS
1619,3.15,PASS
1620,3.15,PASS
1621,3.15,PASS
1622,n/a,FAIL
1623,3.15,PASS
1624,3.15,PASS
1625,3.15,PASS
1626,n/a,FAIL
1627,3.15,PASS
1628,3.15,PASS
1629,3.15,PASS
1630,3.15,PASS
1631,3.15,PASS
1632,3.15,PASS
1633,3.15,PASS
1634,3.15,PASS
1635,3.15,PASS
1636,3.15,PASS
1637,3.15,PASS
1638,3.15,PASS
1639,3.15,PASS
1640,3.15,PASS
1641,3.15,PASS
1642,3.15,PASS
1643,3.15,PASS
1644,3.15,PASS
1645,3.15,PASS
1646,3.15,PASS
1647,3.15,PASS
1648,3.15,PASS
1649,3.15,PASS
1650,3.15,PASS
1651,3.15,PASS
1652,3.15,PASS
1653,3.15,PASS
1654,3.15,PASS
1655,3.15,PASS
1656,3.15,PASS
1657,3.15,PASS
1658,3.15,PASS
1659,3.15,PASS
1660,3.15,PASS
1661,0,Exempt
1662,0,Exempt
1663,0,Exempt
1664,0,Exempt
1665,0,Exempt
1666,0,Exempt
1667,0,Exempt
1668,0,Exempt
1669,0,Exempt
1670,0,Exempt
1671,0,Exempt
1672,0,Exempt
1673,0,Exempt
1674,0,Exempt
1675,0,Exempt
1676,0,Exempt
1677,0,Exempt
1678,0,Exempt
1679,0,Exempt
1680,0,Exempt
1681,0,Exempt
1682,0,Exempt
1683,0,Exempt
1684,0,Exempt
1685,0,Exempt
1686,0,Exempt
1687,0,Exempt
1688,n/a,FAIL
1689,3.15,PASS
1690,n/a,FAIL
1691,n/a,FAIL
1692,n/a,FAIL
1693,3.15,PASS
1694,n/a,FAIL
1695,n/a,FAIL
1696,n/a,FAIL
1697,3.15,PASS
1698,3.15,PASS
1699,3.15,PASS
1700,3.15,PASS
1701,3.15,PASS
1702,3.15,PASS
1703,3.15,PASS
1704,n/a,FAIL
1705,3.15,PASS
1706,3.15,PASS
1707,3.15,PASS
1708,3.15,PASS
1709,n/a,FAIL
1710,3.15,PASS
1711,3.15,PASS
1712,3.15,PASS
1713,n/a,FAIL
1714,3.15,PASS
1715,3.15,PASS
1716,3.15,PASS
1717,3.15,PASS
1718,3.15,PASS
1719,3.15,PASS
1720,3.15,PASS
1721,3.15,PASS
1722,3.15,PASS
1723,3.15,PASS
1724,3.15,PASS
1725,3.15,PASS
1726,3.15,PASS
1727,3.15,PASS
1728,3.15,PASS
1729,3.15,PASS
1730,3.15,PASS
1731,3.15,PASS
1732,3.15,PASS
1733,3.15,PASS
1734,3.15,PASS
1735,3.15,PASS
1736,3.15,PASS
1737,3.15,PASS
1738,3.15,PASS
1739,3.15,PASS
1740,3.15,PASS
1741,3.15,PASS
1742,3.15,PASS
1743,3.15,PASS
1744,3.15,PASS
1745,3.15,PASS
1746,3.15,PASS
1747,3.15,PASS
1748,0,Exempt
1749,0,Exempt
1750,0,Exempt
1751,0,Exempt
1752,0,Exempt
1753,0,Exempt
1754,0,Exempt
1755,0,Exempt
1756,0,Exempt
1757,0,Exempt
1758,0,Exempt
1759,0,Exempt
1760,0,Exempt
1761,0,Exempt
1762,0,Exempt
1763,0,Exempt
1764,0,Exempt
1765,0,Exempt
1766,0,Exempt
1767,0,Exempt
1768,0,Exempt
1769,0,Exempt
1770,0,Exempt
1771,0,Exempt
1772,0,Exempt
1773,0,Exempt
1774,0,Exempt
1775,n/a,FAIL
1776,3.15,PASS
1777,n/a,FAIL
1778,n/a,FAIL
1779,n/a,FAIL
1780,3.15,PASS
1781,n/a,FAIL
1782,n/a,FAIL
1783,n/a,FAIL
1784,3.15,PASS
1785,3.15,PASS
1786,3.15,PASS
1787,3.15,PASS
1788,3.15,PASS
1789,3.15,PASS
1790,3.15,PASS
1791,n/a,FAIL
1792,3.15,PASS
1793,3.15,PASS
1794,3.15,PASS
1795,3.15,PASS
1796,n/a,FAIL
1797,3.15,PASS
1798,3.15,PASS
1799,3.15,PASS
1800,n/a,FAIL
1801,3.15,PASS
1802,3.15,PASS
1803,3.15,PASS
1804,3.15,PASS
1805,3.15,PASS
1806,3.15,PASS
1807,3.15,PASS
1808,3.15,PASS
1809,3.15,PASS
1810,3.15,PASS
1811,3.15,PASS
1812,3.15,PASS
1813,3.15,PASS
1814,3.15,PASS
1815,3.15,PASS
1816,3.15,PASS
1817,3.15,PASS
1818,3.15,PASS
1819,3.15,PASS
1820,3.15,PASS
1821,3.15,PASS
1822,3.15,PASS
1823,3.15,PASS
1824,3.15,PASS
1825,3.15,PASS
1826,3.15,PASS
1827,3.15,PASS
1828,3.15,PASS
1829,3.15,PASS
1830,3.15,PASS
1831,3.15,PASS
1832,3.15,PASS
1833,3.15,PASS
1834,3.15,PASS
1835,0,Exempt
1836,0,Exempt
1837,0,Exempt
1838,0,Exempt
1839,0,Exempt
1840,0,Exempt
1841,0,Exempt
1842,0,Exempt
1843,0,Exempt
1844,0,Exempt
1845,0,Exempt
1846,0,Exempt
1847,0,Exempt
1848,0,Exempt
1849,0,Exempt
1850,0,Exempt
1851,0,Exempt
1852,0,Exempt
1853,0,Exempt
1854,0,Exempt
1855,0,Exempt
1856,0,Exempt
1857,0,Exempt
1858,0,Exempt
1859,0,Exempt
1860,0,Exempt
1861,0,Exempt
1862,n/a,FAIL
1863,3.15,PASS
1864,n/a,FAIL
1865,n/a,FAIL
1866,n/a,FAIL
1867,3.15,PASS
1868,n/a,FAIL
1869,n/a,FAIL
1870,n/a,FAIL
1871,3.15,PASS
1872,3.15,PASS
1873,3.15,PASS
1874,3.15,PASS
1875,3.15,PASS
1876,3.15,PASS
1877,3.15,PASS
1878,n/a,FAIL
1879,3.15,PASS
1880,3.15,PASS
1881,3.15,PASS
1882,3.15,PASS
1883,n/a,FAIL
1884,3.15,PASS
1885,3.15,PASS
1886,3.15,PASS
1887,n/a,FAIL
1888,3.15,PASS
